"tx_per_account","num_of_accounts","num_of_validators","total_txs","number_of_blocks","sum_of_block_time","blockStart","blockEnd","block_per_second","txs_per_second"
"1","100","25", "100","3","8","20","23","0.3750","12.50"
"2","100","25", "200","3","8","23","26","0.3750","25.00"
"3","100","25", "300","2","4","26","28","0.5000","75.00"
"4","100","25", "400","3","8","28","31","0.3750","50.00"
"5","100","25", "500","3","8","31","34","0.3750","62.50"
"6","100","25", "600","3","7","34","37","0.4286","85.71"
"7","100","25", "700","3","8","37","40","0.3750","87.50"
"8","100","25", "800","3","9","40","43","0.3333","88.89"
"9","100","25", "900","3","8","43","46","0.3750","112.5"
"10","100","25", "1000","3","9","46","49","0.3333","111.1"
"11","100","25", "1100","3","9","49","52","0.3333","122.2"
"12","100","25", "1200","3","8","52","55","0.3750","150.0"
"13","100","25", "1300","3","9","55","58","0.3333","144.4"
"14","100","25", "1400","3","9","58","61","0.3333","155.6"
"15","100","25", "1500","3","9","61","64","0.3333","166.7"
"16","100","25", "1600","4","11","64","68","0.3636","145.5"
"17","100","25", "1700","4","12","68","72","0.3333","141.7"
"18","100","25", "1800","3","10","72","75","0.3000","180.0"
"19","100","25", "1900","4","13","75","79","0.3077","146.2"
"20","100","25", "2000","4","14","79","83","0.2857","142.9"
"21","100","25", "2100","4","13","83","87","0.3077","161.5"
"22","100","25", "2200","4","12","87","91","0.3333","183.3"
"23","100","25", "2300","4","12","91","95","0.3333","191.7"
"24","100","25", "2400","4","13","95","99","0.3077","184.6"
"25","100","25", "2500","3","10","99","102","0.3000","250.0"
"26","100","25", "2600","3","11","102","105","0.2727","236.4"
"27","100","25", "2700","4","14","105","109","0.2857","192.9"
"28","100","25", "2800","4","14","109","113","0.2857","200.0"
"29","100","25", "2900","4","13","113","117","0.3077","223.1"
"30","100","25", "3000","4","14","117","121","0.2857","214.3"
"31","100","25", "3100","4","14","121","125","0.2857","221.4"
"32","100","25", "3200","4","13","125","129","0.3077","246.2"
"33","100","25", "3300","4","16","129","133","0.2500","206.3"
"34","100","25", "3400","4","14","133","137","0.2857","242.9"
"35","100","25", "3500","5","17","137","142","0.2941","205.9"
"36","100","25", "3600","4","16","142","146","0.2500","225.0"
"37","100","25", "3700","4","15","146","150","0.2667","246.7"
"38","100","25", "3800","4","19","150","154","0.2105","200.0"